{
  "v": "5.5.2",
  "fr": 30,
  "ip": 0,
  "op": 90,
  "w": 1020,
  "h": 1020,
  "nm": "Comp 1",
  "ddd": 0,
  "assets": [],
  "layers": [
    {
      "ddd": 0,
      "ind": 1,
      "ty": 4,
      "nm": "facetime-button Outlines",
      "sr": 1,
      "ks": {
        "o": {
          "a": 0,
          "k": 100,
          "ix": 11
        },
        "r": {
          "a": 1,
          "k": [
            {
              "i": {
                "x": [
                  0.833
                ],
                "y": [
                  0.833
                ]
              },
              "o": {
                "x": [
                  0.167
                ],
                "y": [
                  0.167
                ]
              },
              "t": 30,
              "s": [
                0
              ]
            },
            {
              "i": {
                "x": [
                  0.833
                ],
                "y": [
                  0.833
                ]
              },
              "o": {
                "x": [
                  0.167
                ],
                "y": [
                  0.167
                ]
              },
              "t": 40,
              "s": [
                -10
              ]
            },
            {
              "i": {
                "x": [
                  0.833
                ],
                "y": [
                  0.833
                ]
              },
              "o": {
                "x": [
                  0.167
                ],
                "y": [
                  0.167
                ]
              },
              "t": 50,
              "s": [
                10
              ]
            },
            {
              "i": {
                "x": [
                  0.833
                ],
                "y": [
                  0.833
                ]
              },
              "o": {
                "x": [
                  0.167
                ],
                "y": [
                  0.167
                ]
              },
              "t": 60,
              "s": [
                0
              ]
            },
            {
              "i": {
                "x": [
                  0.833
                ],
                "y": [
                  0.833
                ]
              },
              "o": {
                "x": [
                  0.167
                ],
                "y": [
                  0.167
                ]
              },
              "t": 70,
              "s": [
                -10
              ]
            },
            {
              "i": {
                "x": [
                  0.833
                ],
                "y": [
                  0.833
                ]
              },
              "o": {
                "x": [
                  0.167
                ],
                "y": [
                  0.167
                ]
              },
              "t": 80,
              "s": [
                10
              ]
            },
            {
              "t": 89,
              "s": [
                0
              ]
            }
          ],
          "ix": 10
        },
        "p": {
          "a": 0,
          "k": [
            510.182,
            510.39,
            0
          ],
          "ix": 2
        },
        "a": {
          "a": 0,
          "k": [
            58.5,
            42.5,
            0
          ],
          "ix": 1
        },
        "s": {
          "a": 1,
          "k": [
            {
              "i": {
                "x": [
                  0.833,
                  0.833,
                  0.833
                ],
                "y": [
                  0.833,
                  0.833,
                  0.833
                ]
              },
              "o": {
                "x": [
                  0.167,
                  0.167,
                  0.167
                ],
                "y": [
                  0.167,
                  0.167,
                  0.167
                ]
              },
              "t": 0,
              "s": [
                183,
                183,
                100
              ]
            },
            {
              "i": {
                "x": [
                  0.833,
                  0.833,
                  0.833
                ],
                "y": [
                  0.833,
                  0.833,
                  0.833
                ]
              },
              "o": {
                "x": [
                  0.167,
                  0.167,
                  0.167
                ],
                "y": [
                  0.167,
                  0.167,
                  0.167
                ]
              },
              "t": 20,
              "s": [
                253,
                253,
                100
              ]
            },
            {
              "t": 30,
              "s": [
                199,
                199,
                100
              ]
            }
          ],
          "ix": 6
        }
      },
      "ao": 0,
      "shapes": [
        {
          "ty": "gr",
          "it": [
            {
              "ind": 0,
              "ty": "sh",
              "ix": 1,
              "ks": {
                "a": 0,
                "k": {
                  "i": [
                    [
                      1.695,
                      0.738
                    ],
                    [
                      0.519,
                      0
                    ],
                    [
                      0.782,
                      -0.824
                    ],
                    [
                      0,
                      0
                    ],
                    [
                      0,
                      0
                    ],
                    [
                      3.672,
                      3.672
                    ],
                    [
                      5.172,
                      0
                    ],
                    [
                      0,
                      0
                    ],
                    [
                      3.672,
                      -3.672
                    ],
                    [
                      0,
                      -5.168
                    ],
                    [
                      0,
                      0
                    ],
                    [
                      -3.672,
                      -3.672
                    ],
                    [
                      -5.168,
                      0
                    ],
                    [
                      0,
                      0
                    ],
                    [
                      -3.676,
                      3.672
                    ],
                    [
                      0,
                      5.172
                    ],
                    [
                      0,
                      0
                    ],
                    [
                      0,
                      0
                    ],
                    [
                      -1.176,
                      0
                    ],
                    [
                      -0.567,
                      0.218
                    ],
                    [
                      0,
                      1.824
                    ],
                    [
                      0,
                      0
                    ]
                  ],
                  "o": [
                    [
                      -0.567,
                      -0.215
                    ],
                    [
                      -1.176,
                      0
                    ],
                    [
                      0,
                      0
                    ],
                    [
                      0,
                      0
                    ],
                    [
                      0,
                      -5.168
                    ],
                    [
                      -3.676,
                      -3.672
                    ],
                    [
                      0,
                      0
                    ],
                    [
                      -5.168,
                      0
                    ],
                    [
                      -3.672,
                      3.672
                    ],
                    [
                      0,
                      0
                    ],
                    [
                      0,
                      5.172
                    ],
                    [
                      3.672,
                      3.672
                    ],
                    [
                      0,
                      0
                    ],
                    [
                      5.172,
                      0
                    ],
                    [
                      3.672,
                      -3.672
                    ],
                    [
                      0,
                      0
                    ],
                    [
                      0,
                      0
                    ],
                    [
                      0.782,
                      0.825
                    ],
                    [
                      0.519,
                      0
                    ],
                    [
                      1.695,
                      -0.739
                    ],
                    [
                      0,
                      0
                    ],
                    [
                      0,
                      -1.828
                    ]
                  ],
                  "v": [
                    [
                      55.857,
                      -39.305
                    ],
                    [
                      54.228,
                      -39.629
                    ],
                    [
                      51.294,
                      -38.391
                    ],
                    [
                      25.029,
                      -12.188
                    ],
                    [
                      25.029,
                      -22.945
                    ],
                    [
                      19.521,
                      -36.207
                    ],
                    [
                      6.255,
                      -41.715
                    ],
                    [
                      -39.631,
                      -41.715
                    ],
                    [
                      -52.893,
                      -36.207
                    ],
                    [
                      -58.4,
                      -22.945
                    ],
                    [
                      -58.4,
                      22.941
                    ],
                    [
                      -52.893,
                      36.207
                    ],
                    [
                      -39.631,
                      41.715
                    ],
                    [
                      6.255,
                      41.715
                    ],
                    [
                      19.521,
                      36.207
                    ],
                    [
                      25.029,
                      22.941
                    ],
                    [
                      25.029,
                      12.121
                    ],
                    [
                      51.294,
                      38.39
                    ],
                    [
                      54.228,
                      39.629
                    ],
                    [
                      55.857,
                      39.301
                    ],
                    [
                      58.4,
                      35.457
                    ],
                    [
                      58.4,
                      -35.457
                    ]
                  ],
                  "c": true
                },
                "ix": 2
              },
              "nm": "Path 1",
              "mn": "ADBE Vector Shape - Group",
              "hd": false
            },
            {
              "ind": 1,
              "ty": "sh",
              "ix": 2,
              "ks": {
                "a": 0,
                "k": {
                  "i": [
                    [
                      0,
                      0
                    ]
                  ],
                  "o": [
                    [
                      0,
                      0
                    ]
                  ],
                  "v": [
                    [
                      55.857,
                      -39.305
                    ]
                  ],
                  "c": false
                },
                "ix": 2
              },
              "nm": "Path 2",
              "mn": "ADBE Vector Shape - Group",
              "hd": false
            },
            {
              "ty": "mm",
              "mm": 1,
              "nm": "Merge Paths 1",
              "mn": "ADBE Vector Filter - Merge",
              "hd": false
            },
            {
              "ty": "fl",
              "c": {
                "a": 0,
                "k": [
                  1,
                  1,
                  1,
                  1
                ],
                "ix": 4
              },
              "o": {
                "a": 0,
                "k": 100,
                "ix": 5
              },
              "r": 1,
              "bm": 0,
              "nm": "Fill 1",
              "mn": "ADBE Vector Graphic - Fill",
              "hd": false
            },
            {
              "ty": "tr",
              "p": {
                "a": 0,
                "k": [
                  58.4,
                  42.287
                ],
                "ix": 2
              },
              "a": {
                "a": 0,
                "k": [
                  0,
                  0
                ],
                "ix": 1
              },
              "s": {
                "a": 0,
                "k": [
                  100,
                  100
                ],
                "ix": 3
              },
              "r": {
                "a": 0,
                "k": 0,
                "ix": 6
              },
              "o": {
                "a": 0,
                "k": 100,
                "ix": 7
              },
              "sk": {
                "a": 0,
                "k": 0,
                "ix": 4
              },
              "sa": {
                "a": 0,
                "k": 0,
                "ix": 5
              },
              "nm": "Transform"
            }
          ],
          "nm": "Group 1",
          "np": 4,
          "cix": 2,
          "bm": 0,
          "ix": 1,
          "mn": "ADBE Vector Group",
          "hd": false
        }
      ],
      "ip": 0,
      "op": 90,
      "st": 0,
      "bm": 0
    },
    {
      "ddd": 0,
      "ind": 3,
      "ty": 4,
      "nm": "Shape Layer 2",
      "sr": 1,
      "ks": {
        "o": {
          "a": 1,
          "k": [
            {
              "i": {
                "x": [
                  0.833
                ],
                "y": [
                  0.833
                ]
              },
              "o": {
                "x": [
                  0.167
                ],
                "y": [
                  0.167
                ]
              },
              "t": 42,
              "s": [
                84
              ]
            },
            {
              "t": 60,
              "s": [
                0
              ]
            }
          ],
          "ix": 11
        },
        "r": {
          "a": 0,
          "k": -90,
          "ix": 10
        },
        "p": {
          "a": 0,
          "k": [
            510,
            510,
            0
          ],
          "ix": 2
        },
        "a": {
          "a": 0,
          "k": [
            0,
            0,
            0
          ],
          "ix": 1
        },
        "s": {
          "a": 1,
          "k": [
            {
              "i": {
                "x": [
                  0.833,
                  0.833,
                  0.833
                ],
                "y": [
                  0.833,
                  0.833,
                  0.833
                ]
              },
              "o": {
                "x": [
                  0.167,
                  0.167,
                  0.167
                ],
                "y": [
                  0.167,
                  0.167,
                  0.167
                ]
              },
              "t": 0,
              "s": [
                5,
                5,
                100
              ]
            },
            {
              "i": {
                "x": [
                  0.833,
                  0.833,
                  0.833
                ],
                "y": [
                  0.833,
                  0.833,
                  0.833
                ]
              },
              "o": {
                "x": [
                  0.167,
                  0.167,
                  0.167
                ],
                "y": [
                  0.167,
                  0.167,
                  0.167
                ]
              },
              "t": 20,
              "s": [
                48,
                48,
                100
              ]
            },
            {
              "t": 60,
              "s": [
                94,
                94,
                100
              ]
            }
          ],
          "ix": 6
        }
      },
      "ao": 0,
      "shapes": [
        {
          "ty": "gr",
          "it": [
            {
              "d": 1,
              "ty": "el",
              "s": {
                "a": 0,
                "k": [
                  600,
                  600
                ],
                "ix": 2
              },
              "p": {
                "a": 0,
                "k": [
                  0,
                  0
                ],
                "ix": 3
              },
              "nm": "Ellipse Path 1",
              "mn": "ADBE Vector Shape - Ellipse",
              "hd": false
            },
            {
              "ty": "fl",
              "c": {
                "a": 0,
                "k": [
                  0.437835214652,
                  0.159876954322,
                  0.886274509804,
                  1
                ],
                "ix": 4
              },
              "o": {
                "a": 0,
                "k": 100,
                "ix": 5
              },
              "r": 2,
              "bm": 0,
              "nm": "Fill 1",
              "mn": "ADBE Vector Graphic - Fill",
              "hd": false
            },
            {
              "ty": "tr",
              "p": {
                "a": 0,
                "k": [
                  0,
                  0
                ],
                "ix": 2
              },
              "a": {
                "a": 0,
                "k": [
                  0,
                  0
                ],
                "ix": 1
              },
              "s": {
                "a": 0,
                "k": [
                  100,
                  100
                ],
                "ix": 3
              },
              "r": {
                "a": 0,
                "k": 0,
                "ix": 6
              },
              "o": {
                "a": 0,
                "k": 100,
                "ix": 7
              },
              "sk": {
                "a": 0,
                "k": 0,
                "ix": 4
              },
              "sa": {
                "a": 0,
                "k": 0,
                "ix": 5
              },
              "nm": "Transform"
            }
          ],
          "nm": "Ellipse 1",
          "np": 3,
          "cix": 2,
          "bm": 0,
          "ix": 1,
          "mn": "ADBE Vector Group",
          "hd": false
        }
      ],
      "ip": 90,
      "op": 90,
      "st": 0,
      "bm": 0,
      "hidden": 0
    },
    {
      "ddd": 0,
      "ind": 4,
      "ty": 4,
      "nm": "Shape Layer 1",
      "sr": 1,
      "ks": {
        "o": {
          "a": 0,
          "k": 100,
          "ix": 11
        },
        "r": {
          "a": 0,
          "k": -90,
          "ix": 10
        },
        "p": {
          "a": 0,
          "k": [
            510,
            510,
            0
          ],
          "ix": 2
        },
        "a": {
          "a": 0,
          "k": [
            0,
            0,
            0
          ],
          "ix": 1
        },
        "s": {
          "a": 1,
          "k": [
            {
              "i": {
                "x": [
                  0.833,
                  0.833,
                  0.833
                ],
                "y": [
                  0.833,
                  0.833,
                  0.833
                ]
              },
              "o": {
                "x": [
                  0.167,
                  0.167,
                  0.167
                ],
                "y": [
                  0.167,
                  0.167,
                  0.167
                ]
              },
              "t": 0,
              "s": [
                91,
                91,
                100
              ]
            },
            {
              "i": {
                "x": [
                  0.833,
                  0.833,
                  0.833
                ],
                "y": [
                  0.833,
                  0.833,
                  0.833
                ]
              },
              "o": {
                "x": [
                  0.167,
                  0.167,
                  0.167
                ],
                "y": [
                  0.167,
                  0.167,
                  0.167
                ]
              },
              "t": 30,
              "s": [
                118,
                118,
                100
              ]
            },
            {
              "t": 45,
              "s": [
                95,
                95,
                100
              ]
            }
          ],
          "ix": 6
        }
      },
      "ao": 0,
      "shapes": [
        {
          "ty": "gr",
          "it": [
            {
              "d": 1,
              "ty": "el",
              "s": {
                "a": 0,
                "k": [
                  600,
                  600
                ],
                "ix": 2
              },
              "p": {
                "a": 0,
                "k": [
                  0,
                  0
                ],
                "ix": 3
              },
              "nm": "Ellipse Path 1",
              "mn": "ADBE Vector Shape - Ellipse",
              "hd": false
            },
            {
              "ty": "gf",
              "o": {
                "a": 0,
                "k": 100,
                "ix": 10
              },
              "r": 2,
              "bm": 0,
              "g": {
                "p": 5,
                "k": {
                  "a": 0,
                  "k": [
                    0,
                    0.9294117647058824,
                    0.2627450980392157,
                    0.29411764705882354,
                    0,
                    0.9294117647058824,
                    0.2627450980392157,
                    0.29411764705882354,
                    0,
                    0.9294117647058824,
                    0.2627450980392157,
                    0.29411764705882354,
                    0.5,
                    0.9294117647058824,
                    0.2627450980392157,
                    0.29411764705882354,
                    1,
                    0.9294117647058824,
                    0.2627450980392157,
                    0.29411764705882354
                  ],
                  "ix": 9
                }
              },
              "s": {
                "a": 0,
                "k": [
                  -146,
                  0
                ],
                "ix": 5
              },
              "e": {
                "a": 0,
                "k": [
                  110,
                  0
                ],
                "ix": 6
              },
              "t": 1,
              "nm": "Gradient Fill 1",
              "mn": "ADBE Vector Graphic - G-Fill",
              "hd": false
            },
            {
              "ty": "tr",
              "p": {
                "a": 0,
                "k": [
                  0,
                  0
                ],
                "ix": 2
              },
              "a": {
                "a": 0,
                "k": [
                  0,
                  0
                ],
                "ix": 1
              },
              "s": {
                "a": 0,
                "k": [
                  100,
                  100
                ],
                "ix": 3
              },
              "r": {
                "a": 0,
                "k": 0,
                "ix": 6
              },
              "o": {
                "a": 0,
                "k": 100,
                "ix": 7
              },
              "sk": {
                "a": 0,
                "k": 0,
                "ix": 4
              },
              "sa": {
                "a": 0,
                "k": 0,
                "ix": 5
              },
              "nm": "Transform"
            }
          ],
          "nm": "Ellipse 1",
          "np": 3,
          "cix": 2,
          "bm": 0,
          "ix": 1,
          "mn": "ADBE Vector Group",
          "hd": false
        }
      ],
      "ip": 0,
      "op": 90,
      "st": 0,
      "bm": 0
    },
    {
      "ddd": 0,
      "ind": 5,
      "ty": 4,
      "nm": "back layer 2",
      "sr": 1,
      "ks": {
        "o": {
          "a": 0,
          "k": 19,
          "ix": 11
        },
        "r": {
          "a": 0,
          "k": -90,
          "ix": 10
        },
        "p": {
          "a": 0,
          "k": [
            510,
            510,
            0
          ],
          "ix": 2
        },
        "a": {
          "a": 0,
          "k": [
            0,
            0,
            0
          ],
          "ix": 1
        },
        "s": {
          "a": 1,
          "k": [
            {
              "i": {
                "x": [
                  0.833,
                  0.833,
                  0.833
                ],
                "y": [
                  0.833,
                  0.833,
                  0.833
                ]
              },
              "o": {
                "x": [
                  0.167,
                  0.167,
                  0.167
                ],
                "y": [
                  0.167,
                  0.167,
                  0.167
                ]
              },
              "t": 0,
              "s": [
                89,
                89,
                100
              ]
            },
            {
              "i": {
                "x": [
                  0.833,
                  0.833,
                  0.833
                ],
                "y": [
                  0.833,
                  0.833,
                  0.833
                ]
              },
              "o": {
                "x": [
                  0.167,
                  0.167,
                  0.167
                ],
                "y": [
                  0.167,
                  0.167,
                  0.167
                ]
              },
              "t": 51,
              "s": [
                99,
                99,
                100
              ]
            },
            {
              "i": {
                "x": [
                  0.833,
                  0.833,
                  0.833
                ],
                "y": [
                  0.833,
                  0.833,
                  0.833
                ]
              },
              "o": {
                "x": [
                  0.167,
                  0.167,
                  0.167
                ],
                "y": [
                  0.167,
                  0.167,
                  0.167
                ]
              },
              "t": 63,
              "s": [
                100.947,
                100.947,
                100
              ]
            },
            {
              "t": 89,
              "s": [
                116,
                116,
                100
              ]
            }
          ],
          "ix": 6
        }
      },
      "ao": 0,
      "shapes": [
        {
          "ty": "gr",
          "it": [
            {
              "d": 1,
              "ty": "el",
              "s": {
                "a": 0,
                "k": [
                  600,
                  600
                ],
                "ix": 2
              },
              "p": {
                "a": 0,
                "k": [
                  0,
                  0
                ],
                "ix": 3
              },
              "nm": "Ellipse Path 1",
              "mn": "ADBE Vector Shape - Ellipse",
              "hd": false
            },
            {
              "ty": "fl",
              "c": {
                "a": 0,
                "k": [
                  0.9294117647058824,
                  0.2627450980392157,
                  0.29411764705882354,
                  1
                ],
                "ix": 4
              },
              "o": {
                "a": 0,
                "k": 100,
                "ix": 5
              },
              "r": 2,
              "bm": 0,
              "nm": "Fill 1",
              "mn": "ADBE Vector Graphic - Fill",
              "hd": false
            },
            {
              "ty": "tr",
              "p": {
                "a": 0,
                "k": [
                  0,
                  0
                ],
                "ix": 2
              },
              "a": {
                "a": 0,
                "k": [
                  0,
                  0
                ],
                "ix": 1
              },
              "s": {
                "a": 0,
                "k": [
                  100,
                  100
                ],
                "ix": 3
              },
              "r": {
                "a": 0,
                "k": 0,
                "ix": 6
              },
              "o": {
                "a": 0,
                "k": 100,
                "ix": 7
              },
              "sk": {
                "a": 0,
                "k": 0,
                "ix": 4
              },
              "sa": {
                "a": 0,
                "k": 0,
                "ix": 5
              },
              "nm": "Transform"
            }
          ],
          "nm": "Ellipse 1",
          "np": 3,
          "cix": 2,
          "bm": 0,
          "ix": 1,
          "mn": "ADBE Vector Group",
          "hd": false
        }
      ],
      "ip": 0,
      "op": 90,
      "st": 0,
      "bm": 0
    },
    {
      "ddd": 0,
      "ind": 6,
      "ty": 4,
      "nm": "back layer",
      "sr": 1,
      "ks": {
        "o": {
          "a": 0,
          "k": 19,
          "ix": 11
        },
        "r": {
          "a": 0,
          "k": -90,
          "ix": 10
        },
        "p": {
          "a": 0,
          "k": [
            510,
            510,
            0
          ],
          "ix": 2
        },
        "a": {
          "a": 0,
          "k": [
            0,
            0,
            0
          ],
          "ix": 1
        },
        "s": {
          "a": 1,
          "k": [
            {
              "i": {
                "x": [
                  0.833,
                  0.833,
                  0.833
                ],
                "y": [
                  0.833,
                  0.833,
                  0.833
                ]
              },
              "o": {
                "x": [
                  0.167,
                  0.167,
                  0.167
                ],
                "y": [
                  0.167,
                  0.167,
                  0.167
                ]
              },
              "t": 0,
              "s": [
                89,
                89,
                100
              ]
            },
            {
              "i": {
                "x": [
                  0.833,
                  0.833,
                  0.833
                ],
                "y": [
                  0.833,
                  0.833,
                  0.833
                ]
              },
              "o": {
                "x": [
                  0.167,
                  0.167,
                  0.167
                ],
                "y": [
                  0.167,
                  0.167,
                  0.167
                ]
              },
              "t": 51,
              "s": [
                99,
                99,
                100
              ]
            },
            {
              "t": 89,
              "s": [
                140,
                140,
                100
              ]
            }
          ],
          "ix": 6
        }
      },
      "ao": 0,
      "shapes": [
        {
          "ty": "gr",
          "it": [
            {
              "d": 1,
              "ty": "el",
              "s": {
                "a": 0,
                "k": [
                  600,
                  600
                ],
                "ix": 2
              },
              "p": {
                "a": 0,
                "k": [
                  0,
                  0
                ],
                "ix": 3
              },
              "nm": "Ellipse Path 1",
              "mn": "ADBE Vector Shape - Ellipse",
              "hd": false
            },
            {
              "ty": "fl",
              "c": {
                "a": 0,
                "k": [
                  0.9294117647058824,
                  0.2627450980392157,
                  0.29411764705882354,
                  1
                ],
                "ix": 4
              },
              "o": {
                "a": 0,
                "k": 100,
                "ix": 5
              },
              "r": 2,
              "bm": 0,
              "nm": "Fill 1",
              "mn": "ADBE Vector Graphic - Fill",
              "hd": false
            },
            {
              "ty": "tr",
              "p": {
                "a": 0,
                "k": [
                  0,
                  0
                ],
                "ix": 2
              },
              "a": {
                "a": 0,
                "k": [
                  0,
                  0
                ],
                "ix": 1
              },
              "s": {
                "a": 0,
                "k": [
                  100,
                  100
                ],
                "ix": 3
              },
              "r": {
                "a": 0,
                "k": 0,
                "ix": 6
              },
              "o": {
                "a": 0,
                "k": 100,
                "ix": 7
              },
              "sk": {
                "a": 0,
                "k": 0,
                "ix": 4
              },
              "sa": {
                "a": 0,
                "k": 0,
                "ix": 5
              },
              "nm": "Transform"
            }
          ],
          "nm": "Ellipse 1",
          "np": 3,
          "cix": 2,
          "bm": 0,
          "ix": 1,
          "mn": "ADBE Vector Group",
          "hd": false
        }
      ],
      "ip": 0,
      "op": 90,
      "st": 0,
      "bm": 0
    }
  ],
  "markers": []
}