{
  "v": "5.6.5",
  "fr": 60,
  "ip": 0,
  "op": 170,
  "w": 750,
  "h": 750,
  "nm": "match_ripple",
  "ddd": 0,
  "layers": [
    {
      "ddd": 0,
      "ind": 1,
      "ty": 2,
      "nm": "match logo@2x.png",
      "cl": "png",
      "refId": "image_0",
      "sr": 1,
      "ks": {
        "o": {
          "a": 0,
          "k": 80,
          "ix": 11
        },
        "r": {
          "a": 0,
          "k": 0,
          "ix": 10
        },
        "p": {
          "a": 0,
          "k": [
            375,
            375,
            0
          ],
          "ix": 2
        },
        "a": {
          "a": 0,
          "k": [
            87,
            26,
            0
          ],
          "ix": 1
        },
        "s": {
          "a": 0,
          "k": [
            100,
            100,
            100
          ],
          "ix": 6
        }
      },
      "ao": 0,
      "ip": 0,
      "op": 1200,
      "st": 0,
      "bm": 0
    },
    {
      "ddd": 0,
      "ind": 2,
      "ty": 4,
      "nm": "circle 2",
      "sr": 1,
      "ks": {
        "o": {
          "a": 1,
          "k": [
            {
              "i": {
                "x": [
                  0.833
                ],
                "y": [
                  0.833
                ]
              },
              "o": {
                "x": [
                  0.167
                ],
                "y": [
                  0.167
                ]
              },
              "t": 65,
              "s": [
                0
              ]
            },
            {
              "i": {
                "x": [
                  0.833
                ],
                "y": [
                  0.833
                ]
              },
              "o": {
                "x": [
                  0.167
                ],
                "y": [
                  0.167
                ]
              },
              "t": 98,
              "s": [
                40
              ]
            },
            {
              "t": 160,
              "s": [
                0
              ]
            }
          ],
          "ix": 11
        },
        "r": {
          "a": 0,
          "k": 0,
          "ix": 10
        },
        "p": {
          "a": 0,
          "k": [
            375,
            375,
            0
          ],
          "ix": 2
        },
        "a": {
          "a": 0,
          "k": [
            24,
            -93.912,
            0
          ],
          "ix": 1
        },
        "s": {
          "a": 0,
          "k": [
            100,
            100,
            100
          ],
          "ix": 6
        }
      },
      "ao": 0,
      "shapes": [
        {
          "ty": "gr",
          "it": [
            {
              "d": 1,
              "ty": "el",
              "s": {
                "a": 1,
                "k": [
                  {
                    "i": {
                      "x": [
                        0.833,
                        0.833
                      ],
                      "y": [
                        0.833,
                        0.833
                      ]
                    },
                    "o": {
                      "x": [
                        0.167,
                        0.167
                      ],
                      "y": [
                        0.167,
                        0.167
                      ]
                    },
                    "t": 65,
                    "s": [
                      170,
                      170
                    ]
                  },
                  {
                    "t": 160,
                    "s": [
                      718,
                      718
                    ]
                  }
                ],
                "ix": 2
              },
              "p": {
                "a": 0,
                "k": [
                  0,
                  0
                ],
                "ix": 3
              },
              "nm": "椭圆路径 1",
              "mn": "ADBE Vector Shape - Ellipse",
              "hd": false
            },
            {
              "ty": "st",
              "c": {
                "a": 0,
                "k": [
                  1,
                  1,
                  1,
                  1
                ],
                "ix": 3
              },
              "o": {
                "a": 0,
                "k": 100,
                "ix": 4
              },
              "w": {
                "a": 1,
                "k": [
                  {
                    "i": {
                      "x": [
                        0.833
                      ],
                      "y": [
                        0.833
                      ]
                    },
                    "o": {
                      "x": [
                        0.167
                      ],
                      "y": [
                        0.167
                      ]
                    },
                    "t": 65,
                    "s": [
                      24
                    ]
                  },
                  {
                    "t": 139,
                    "s": [
                      2
                    ]
                  }
                ],
                "ix": 5
              },
              "lc": 1,
              "lj": 1,
              "ml": 4,
              "bm": 0,
              "nm": "描边 1",
              "mn": "ADBE Vector Graphic - Stroke",
              "hd": false
            },
            {
              "ty": "tr",
              "p": {
                "a": 0,
                "k": [
                  23.646,
                  -93.912
                ],
                "ix": 2
              },
              "a": {
                "a": 0,
                "k": [
                  0,
                  0
                ],
                "ix": 1
              },
              "s": {
                "a": 0,
                "k": [
                  100,
                  100
                ],
                "ix": 3
              },
              "r": {
                "a": 0,
                "k": 0,
                "ix": 6
              },
              "o": {
                "a": 0,
                "k": 100,
                "ix": 7
              },
              "sk": {
                "a": 0,
                "k": 0,
                "ix": 4
              },
              "sa": {
                "a": 0,
                "k": 0,
                "ix": 5
              },
              "nm": "变换"
            }
          ],
          "nm": "椭圆 1",
          "np": 3,
          "cix": 2,
          "bm": 0,
          "ix": 1,
          "mn": "ADBE Vector Group",
          "hd": false
        }
      ],
      "ip": 53,
      "op": 1253,
      "st": 53,
      "bm": 0
    },
    {
      "ddd": 0,
      "ind": 3,
      "ty": 4,
      "nm": "circle",
      "sr": 1,
      "ks": {
        "o": {
          "a": 1,
          "k": [
            {
              "i": {
                "x": [
                  0.833
                ],
                "y": [
                  0.833
                ]
              },
              "o": {
                "x": [
                  0.167
                ],
                "y": [
                  0.167
                ]
              },
              "t": 12,
              "s": [
                0
              ]
            },
            {
              "i": {
                "x": [
                  0.833
                ],
                "y": [
                  0.833
                ]
              },
              "o": {
                "x": [
                  0.167
                ],
                "y": [
                  0.167
                ]
              },
              "t": 45,
              "s": [
                40
              ]
            },
            {
              "t": 107,
              "s": [
                0
              ]
            }
          ],
          "ix": 11
        },
        "r": {
          "a": 0,
          "k": 0,
          "ix": 10
        },
        "p": {
          "a": 0,
          "k": [
            375,
            375,
            0
          ],
          "ix": 2
        },
        "a": {
          "a": 0,
          "k": [
            24,
            -93.912,
            0
          ],
          "ix": 1
        },
        "s": {
          "a": 0,
          "k": [
            100,
            100,
            100
          ],
          "ix": 6
        }
      },
      "ao": 0,
      "shapes": [
        {
          "ty": "gr",
          "it": [
            {
              "d": 1,
              "ty": "el",
              "s": {
                "a": 1,
                "k": [
                  {
                    "i": {
                      "x": [
                        0.833,
                        0.833
                      ],
                      "y": [
                        0.833,
                        0.833
                      ]
                    },
                    "o": {
                      "x": [
                        0.167,
                        0.167
                      ],
                      "y": [
                        0.167,
                        0.167
                      ]
                    },
                    "t": 12,
                    "s": [
                      170,
                      170
                    ]
                  },
                  {
                    "t": 107,
                    "s": [
                      718,
                      718
                    ]
                  }
                ],
                "ix": 2
              },
              "p": {
                "a": 0,
                "k": [
                  0,
                  0
                ],
                "ix": 3
              },
              "nm": "椭圆路径 1",
              "mn": "ADBE Vector Shape - Ellipse",
              "hd": false
            },
            {
              "ty": "st",
              "c": {
                "a": 0,
                "k": [
                  1,
                  1,
                  1,
                  1
                ],
                "ix": 3
              },
              "o": {
                "a": 0,
                "k": 100,
                "ix": 4
              },
              "w": {
                "a": 1,
                "k": [
                  {
                    "i": {
                      "x": [
                        0.833
                      ],
                      "y": [
                        0.833
                      ]
                    },
                    "o": {
                      "x": [
                        0.167
                      ],
                      "y": [
                        0.167
                      ]
                    },
                    "t": 12,
                    "s": [
                      24
                    ]
                  },
                  {
                    "t": 86,
                    "s": [
                      2
                    ]
                  }
                ],
                "ix": 5
              },
              "lc": 1,
              "lj": 1,
              "ml": 4,
              "bm": 0,
              "nm": "描边 1",
              "mn": "ADBE Vector Graphic - Stroke",
              "hd": false
            },
            {
              "ty": "tr",
              "p": {
                "a": 0,
                "k": [
                  23.646,
                  -93.912
                ],
                "ix": 2
              },
              "a": {
                "a": 0,
                "k": [
                  0,
                  0
                ],
                "ix": 1
              },
              "s": {
                "a": 0,
                "k": [
                  100,
                  100
                ],
                "ix": 3
              },
              "r": {
                "a": 0,
                "k": 0,
                "ix": 6
              },
              "o": {
                "a": 0,
                "k": 100,
                "ix": 7
              },
              "sk": {
                "a": 0,
                "k": 0,
                "ix": 4
              },
              "sa": {
                "a": 0,
                "k": 0,
                "ix": 5
              },
              "nm": "变换"
            }
          ],
          "nm": "椭圆 1",
          "np": 3,
          "cix": 2,
          "bm": 0,
          "ix": 1,
          "mn": "ADBE Vector Group",
          "hd": false
        }
      ],
      "ip": 0,
      "op": 1200,
      "st": 0,
      "bm": 0
    }
  ],
  "markers": []
}